City,District,AveragePotentialBuyersPerApt,AverageSaleSpeed
Gdansk,Nowy Port,1.4961439588688945,305.39331619537273
Gdansk,Oliwa,1.4832402234636872,260.4245810055866
Gdansk,Srodmiescie,1.691326530612245,253.0127551020408
Gdansk,Wrzeszcz,1.5027472527472527,293.50274725274727
Gdansk,Zaspa,1.4963325183374083,356.9486552567237
Krakow,Bronowice,1.4855643044619422,292.59055118110234
Krakow,Kazimierz,1.6,279.36901408450706
Krakow,Nowa Huta,1.490909090909091,231.24415584415584
Krakow,Podgorze,1.486935866983373,308.2684085510689
Krakow,Stare Miasto,1.5333333333333334,251.8111111111111
Poznan,Grunwald,1.787292817679558,278.56353591160223
Poznan,Jezyce,1.4750656167979002,255.5564304461942
Poznan,Lazarz,1.725593667546174,275.15831134564644
Poznan,Stare Miasto,1.6751412429378532,303.5621468926554
Poznan,Wilda,1.3945409429280398,263.8436724565757
Warsaw,Mokotow,1.5397727272727273,295.97727272727275
Warsaw,Praga Polnoc,1.3383838383838385,383.20454545454544
Warsaw,Srodmiescie,1.484771573604061,388.1040609137056
Warsaw,Wola,1.5212464589235128,298.4475920679887
Warsaw,Zoliborz,1.5859375,316.625
Wroclaw,Fabryczna,1.553658536585366,394.5048780487805
Wroclaw,Krzyki,1.4947643979057592,485.8743455497382
Wroclaw,Psie Pole,1.5695876288659794,447.21649484536084
Wroclaw,Srodmiescie,1.4490740740740742,408.16435185185185
Wroclaw,Stare Miasto,1.5508021390374331,387.48930481283423
